Rank;Sourceid;Title;Type;Issn;SJR;SJR Best Quartile;H index;Total Docs. (2004);Total Docs. (3years);Total Refs.;Total Cites (3years);Citable Docs. (3years);Cites / Doc. (2years);Ref. / Doc.;Country;Region;Publisher;Coverage;Categories
1;13260;"Biological Research";journal;"07176287, 07169760";0,900;Q1;55;75;117;2346;182;107;1,92;31,28;United Kingdom;Western Europe;"BioMed Central Ltd.";"1992-2020";"Agricultural and Biological Sciences (miscellaneous) (Q1); Biochemistry, Genetics and Molecular Biology (miscellaneous) (Q1); Medicine (miscellaneous) (Q1)"
2;4300151406;"Revista Brasileira de Entomologia";journal;"00855626, 18069665";0,649;Q2;31;0;1;0;1;1;1,00;0,00;Brazil;Latin America;"Sociedade Brasileira de Entomologia";"2003, 2005-2020";"Insect Science (Q2)"
3;27797;"Revista Mexicana de Astronomia y Astrofisica";journal;"01851101";0,635;Q2;34;19;77;491;54;77;0,46;25,84;Mexico;Latin America;"Universidad Nacional Autonoma de Mexico";"1996-2020";"Space and Planetary Science (Q2); Astronomy and Astrophysics (Q3)"
4;19700202606;"Andean Geology";journal;"07187092, 07187106";0,587;Q2;36;19;50;1206;46;50;0,88;63,47;Chile;Latin America;"Servicio Nacional de Geologia y Mineria";"2009-2020";"Geochemistry and Petrology (Q2); Geology (Q2); Paleontology (Q2); Stratigraphy (Q2)"
5;18807;"Onderstepoort Journal of Veterinary Research";journal;"22190635, 00302465";0,576;Q1;35;45;121;951;92;121;0,63;21,13;South Africa;Africa;"AOSIS (Pty) Ltd";"1965-2020";"Medicine (miscellaneous) (Q1); Veterinary (miscellaneous) (Q2)"
6;15205;"Memorias do Instituto Oswaldo Cruz";journal;"16788060, 00740276";0,524;Q2;89;176;698;4355;695;695;0,89;24,74;Brazil;Latin America;"Fundacao Oswaldo Cruz";"1945, 1948, 1950-1971, 1974-1976, 1980-2020";"Medicine (miscellaneous) (Q2); Microbiology (medical) (Q2)"
7;19375;"Water S.A.";journal;"18167950, 03784738";0,489;Q2;59;97;210;2075;149;207;0,58;21,39;South Africa;Africa;"South African Water Research Commission";"1976-2020";"Applied Microbiology and Biotechnology (Q2); Management, Monitoring, Policy and Law (Q2); Waste Management and Disposal (Q2); Water Science and Technology (Q2)"
8;25953;"Dados";journal;"16784588, 00115258";0,482;Q1;26;24;68;1051;18;68;0,30;43,79;Brazil;Latin America;"Inst. Univ. de Pesquisas do Rio de Janeiro";"1996-2020";"Social Sciences (miscellaneous) (Q1)"
9;28675;"Brazilian Journal of Medical and Biological Research";journal;"0100879X, 1414431X";0,397;Q1;88;235;615;6820;635;610;1,00;29,02;Brazil;Latin America;"Associacao Brasileira de Divulgacao Cientifica";"1973-2020";"Pharmacology, Toxicology and Pharmaceutics (miscellaneous) (Q1); Medicine (miscellaneous) (Q2); Biochemistry (Q3); Biophysics (Q3); Immunology (Q3); Neuroscience (miscellaneous) (Q3); Physiology (Q3); Cell Biology (Q4)"
10;22364;"Revista do Instituto de Medicina Tropical de Sao Paulo";journal;"16789946, 00364665";0,393;Q2;49;68;212;1729;196;202;0,78;25,43;Brazil;Latin America;"Instituto de Medicina Tropical de Sao Paulo";"1961-2020";"Medicine (miscellaneous) (Q2); Infectious Diseases (Q3)"
11;24663;"Revista de la Asociacion Geologica Argentina";journal;"00044822";0,386;Q2;39;77;142;2629;71;142;0,41;34,14;Argentina;Latin America;"Asociacion Geologica Argentina";"1992-1994, 1996-2020";"Geology (Q2)"
12;18349;"South African Medical Journal";journal;"02569574, 20785135";0,376;Q2;57;422;1380;2027;319;371;0,22;4,80;South Africa;Africa;"South African Medical Association";"1945-2020";"Medicine (miscellaneous) (Q2)"
13;22729;"Journal of the Brazilian Chemical Society";journal;"01035053, 16784790";0,352;Q2;70;154;360;4024;428;351;1,15;26,13;Brazil;Latin America;"Sociedade Brasileira de Quimica";"1990, 1996-2020";"Chemistry (miscellaneous) (Q2)"
14;12079;"Atmosfera";journal;"01876236";0,343;Q3;29;16;49;267;23;49;0,50;16,69;Mexico;Latin America;"Universidad Nacional Autonoma de Mexico";"1988-2020";"Atmospheric Science (Q3)"
15;13561;"Revista Chilena de Historia Natural";journal;"0716078X, 07176317";0,327;Q2;39;55;123;2771;72;122;0,59;50,38;Chile;Latin America;"Sociedad de Biologia de Chile";"2002-2020";"Agricultural and Biological Sciences (miscellaneous) (Q2); Environmental Science (miscellaneous) (Q2)"
16;23092;"Revista da Sociedade Brasileira de Medicina Tropical";journal;"00378682, 16789849";0,308;Q3;52;127;344;2815;172;328;0,44;22,17;Brazil;Latin America;"Sociedade Brasileira de Medicina Tropical";"1972-1976, 1986-2020";"Infectious Diseases (Q3); Microbiology (medical) (Q3); Parasitology (Q3)"
17;14224;"Arquivos de Neuro-Psiquiatria";journal;"16784227, 0004282X";0,300;Q3;48;212;616;4565;354;607;0,54;21,53;Brazil;Latin America;"Arquivos de Neuro-Psiquiatria";"1945-1965, 1971-2020";"Neurology (clinical) (Q3); Biological Psychiatry (Q4)"
18;61695;"Journal of the South African Veterinary Association";journal;"10199128, 22249435";0,289;Q2;31;39;137;861;69;126;0,36;22,08;South Africa;Africa;"AOSIS (Pty) Ltd";"1945, 1948, 1961, 1971-2020";"Medicine (miscellaneous) (Q2); Veterinary (miscellaneous) (Q3)"
19;24880;"South African Journal of Science";journal;"03708462, 00382353";0,289;Q2;61;147;423;4424;257;391;0,49;30,10;South Africa;Africa;"National Research Foundation";"1973-2020";"Agricultural and Biological Sciences (miscellaneous) (Q2); Earth and Planetary Sciences (miscellaneous) (Q2); Biochemistry, Genetics and Molecular Biology (miscellaneous) (Q3)"
20;24371;"Brazilian Dental Journal";journal;"01036440";0,280;Q3;50;49;124;862;66;124;0,41;17,59;Brazil;Latin America;"Associacao Brasileira de Divulgacao Cientifica";"1990-2020";"Dentistry (miscellaneous) (Q3)"
21;17323;"Bothalia";journal;"23119284, 00068241";0,279;Q3;20;28;104;481;29;103;0,25;17,18;South Africa;Africa;"AOSIS (Pty) Ltd";"1978, 1993-2019";"Plant Science (Q3); Ecology, Evolution, Behavior and Systematics (Q4)"
22;13567;"Revista de Biologia Tropical";journal;"00347744";0,276;Q2;38;140;411;4335;187;408;0,41;30,96;Costa Rica;Latin America;"Universidad de Costa Rica";"1969-2020";"Agricultural and Biological Sciences (miscellaneous) (Q2)"
23;4000151823;"Scientia Agricola";journal;"01039016";0,276;Q3;52;105;359;2752;103;321;0,29;26,21;Brazil;Latin America;"Escola Superior de Agricultura Luiz de Queiroz";"1997-2021";"Agronomy and Crop Science (Q3); Animal Science and Zoology (Q3)"
24;26181;"Trimestre Economico";journal;"00413011";0,271;Q3;11;25;64;943;9;63;0,15;37,72;Mexico;Latin America;"Fondo de Cultura Economica";"1979, 1981, 1989, 1996-2020";"Economics and Econometrics (Q3)"
25;21807;"Brazilian Journal of Infectious Diseases";journal;"14138670, 16784391";0,263;Q3;45;65;164;355;95;156;0,42;5,46;Brazil;Latin America;"Elsevier Editora Ltda";"2000-2020";"Infectious Diseases (Q3); Microbiology (medical) (Q3)"
26;12400154701;"Latin American Journal of Aquatic Research";journal;"0718560X";0,257;Q3;28;24;49;732;12;49;0,21;30,50;Chile;Latin America;"Pontificia Universidad Catolica de Valparaiso";"2008-2020";"Oceanography (Q3); Aquatic Science (Q4)"
27;22596;"Revista de Saude Publica";journal;"00348910, 15188787";0,257;Q2;77;152;342;2262;151;325;0,34;14,88;Brazil;Latin America;"University of Sao Paolo";"1967-2020";"Medicine (miscellaneous) (Q2); Public Health, Environmental and Occupational Health (Q3)"
28;19317;"Salud Publica de Mexico";journal;"16067916, 00363634";0,255;Q3;54;81;328;1754;159;291;0,46;21,65;Mexico;Latin America;"Instituto Nacional de Salud Publica";"1961-2020";"Public Health, Environmental and Occupational Health (Q3)"
29;18625;"Koedoe";journal;"20710771, 00756458";0,250;Q3;29;19;56;522;22;56;0,32;27,47;South Africa;Africa;"AOSIS (Pty) Ltd";"1980-1984, 1987-2006, 2008-2020";"Ecology (Q3); Ecology, Evolution, Behavior and Systematics (Q4)"
30;22186;"Genetics and Molecular Biology";journal;"14154757, 16784685";0,249;Q4;55;107;195;3170;88;193;0,39;29,63;Brazil;Latin America;"Brazilian Society of Genetics";"1998-2020";"Genetics (Q4); Molecular Biology (Q4)"
31;16349;"Brazilian Journal of Chemical Engineering";journal;"01046632";0,246;Q2;52;67;148;1142;51;146;0,25;17,04;Brazil;Latin America;"Association Brasiliera de Eng. Quimica / Braz. Soc. Chem. Eng.";"1995-2020";"Chemical Engineering (miscellaneous) (Q2)"
32;21479;"Quimica Nova";journal;"01004042, 16787064";0,245;Q3;73;173;464;7024;273;449;0,60;40,60;Brazil;Latin America;"Sociedade Brasileira de Quimica";"1992, 1997-2020";"Chemistry (miscellaneous) (Q3)"
33;60803;"Gaceta Sanitaria";journal;"02139111";0,241;Q3;42;116;242;1004;139;193;0,53;8,66;Spain;Western Europe;"Ediciones Doyma, S.L.";"1987-2020";"Public Health, Environmental and Occupational Health (Q3)"
34;72196;"Pesquisa Agropecuaria Brasileira";journal;"0100204X, 16783921";0,241;Q3;56;181;620;3972;145;620;0,22;21,94;Brazil;Latin America;"Embrapa";"1978, 1983-1984, 1986-1987, 1996-2020";"Agronomy and Crop Science (Q3); Animal Science and Zoology (Q3)"
35;22604;"Revista Panamericana de Salud Publica/Pan American Journal of Public Health";journal;"16805348, 10204989";0,231;Q3;57;115;360;2825;176;324;0,40;24,57;United States;Northern America;"Pan American Health Organization";"1997-2020";"Public Health, Environmental and Occupational Health (Q3)"
36;15162;"Eure";journal;"07176236, 02507161";0,226;Q3;27;19;58;765;37;58;0,58;40,26;Chile;Latin America;"Pontificia Universidad Catolica de Chile";"1979, 1982, 1996-1998, 2001-2020";"Urban Studies (Q3)"
37;17672;"Arquivo Brasileiro de Medicina Veterinaria e Zootecnia";journal;"01020935, 16784162";0,223;Q3;33;128;359;2456;43;359;0,09;19,19;Brazil;Latin America;"Universidade de Minas Gerais";"1996-2020";"Veterinary (miscellaneous) (Q3)"
38;18852;"Revista Brasileira de Zootecnia";journal;"18069290, 15163598";0,222;Q4;53;270;616;7194;186;616;0,27;26,64;Brazil;Latin America;"Sociedade Brasileira de Zootecnia";"1996-2020";"Animal Science and Zoology (Q4)"
39;13841;"Brazilian Journal of Biology";journal;"15196984, 16784375";0,221;Q2;53;105;265;1202;88;265;0,26;11,45;Brazil;Latin America;"Instituto Internacional de Ecologia";"2000-2020";"Agricultural and Biological Sciences (miscellaneous) (Q2)"
40;21544;"South African Journal of Chemistry";journal;"03794350";0,221;Q3;20;12;37;311;14;37;0,41;25,92;South Africa;Africa;"Bureau for Scientific Publications";"1996-2020";"Chemistry (miscellaneous) (Q3)"
41;54988;"South African Journal of Animal Sciences";journal;"03751589";0,219;Q4;33;154;98;2320;46;98;0,48;15,06;South Africa;Africa;"Bureau for Scientific Publications";"1974, 1996-2020";"Animal Science and Zoology (Q4)"
42;25359;"Revista Espanola de Enfermedades Digestivas";journal;"11300108";0,216;Q2;38;139;390;3006;169;200;0,37;21,63;Spain;Western Europe;"ARAN Ediciones S.A.";"1990-2020";"Medicine (miscellaneous) (Q2); Gastroenterology (Q3)"
43;4800153106;"Acta Botanica Brasilica";journal;"01023306";0,215;Q3;47;91;130;3348;58;129;0,41;36,79;Brazil;Latin America;"Sociedade Botanica de Sao Paulo";"1997-2020";"Plant Science (Q3)"
44;21100228063;"Journal of the Southern African Institute of Mining and Metallurgy";journal;"22256253";0,214;Q2;37;78;192;1033;30;182;0,18;13,24;South Africa;Africa;"South African Institute of Mining and Metallurgy";"1988, 2006-2020";"Geotechnical Engineering and Engineering Geology (Q2); Metals and Alloys (Q2); Materials Chemistry (Q3)"
45;18819;"Pesquisa Veterinaria Brasileira";journal;"0100736X, 16785150";0,213;Q3;35;42;78;1014;28;77;0,37;24,14;Brazil;Latin America;"Colegio Brasileiro de Patologia Animal";"1996-2020";"Veterinary (miscellaneous) (Q3)"
46;26806;"Ciencias Marinas";journal;"01853880";0,207;Q4;29;52;117;1616;44;116;0,36;31,08;Mexico;Latin America;"Universidad Autonoma de Baja California";"1992-2020";"Aquatic Science (Q4)"
47;13565;"Revista de Biologia Marina y Oceanografia";journal;"07173326";0,207;Q3;25;11;41;358;10;41;0,18;32,55;Chile;Latin America;"Universidad de Valparaiso";"1996-2020";"Oceanography (Q3); Aquatic Science (Q4)"
48;20500195022;"Tecnologia y Ciencias del Agua";journal;"01878336, 20072422";0,206;Q3;12;37;117;687;23;117;0,14;18,57;Mexico;Latin America;"Instituto Mexicano de Tecnologia del Agua";"2010-2020";"Civil and Structural Engineering (Q3); Water Science and Technology (Q3)"
49;29758;"Revista Mexicana de Fisica";journal;"0035001X";0,204;Q3;25;135;541;2566;127;539;0,25;19,01;Mexico;Latin America;"Sociedad Mexicana de Fisica";"1991-1993, 1995-2020";"Education (Q3); Physics and Astronomy (miscellaneous) (Q4)"
50;23432;"Journal of the Chilean Chemical Society";journal;"07179324, 07179707";0,202;Q3;31;64;199;1488;80;196;0,37;23,25;Chile;Latin America;"Sociedad Chilena De Quimica";"2003-2020";"Chemistry (miscellaneous) (Q3)"
51;19332;"Salud Mental";journal;"01853325";0,201;Q3;24;52;158;2296;112;133;0,64;44,15;Mexico;Latin America;"Elsevier GmbH";"1995-2020";"Clinical Psychology (Q3); Psychiatry and Mental Health (Q3)"
52;5000153301;"Proyecciones";journal;"07176279, 07160917";0,200;Q4;12;0;37;0;1;37;0,06;0,00;Chile;Latin America;"Universidad Catolica del Norte";"2000-2002, 2006-2020";"Mathematics (miscellaneous) (Q4)"
53;20135;"Cadernos de Saude Publica";journal;"0102311X, 16784464";0,195;Q3;77;236;549;1305;204;530;0,31;5,53;Brazil;Latin America;"Fundacao Oswaldo Cruz";"1998-2020";"Medicine (miscellaneous) (Q3); Public Health, Environmental and Occupational Health (Q3)"
54;5000160205;"Revista Cubana de Medicina General Integral";journal;"08642125";0,192;Q3;13;22;156;312;12;156;0,03;14,18;Cuba;Latin America;"Editorial Ciencias Medicas";"1996-2002, 2004-2020";"Medicine (miscellaneous) (Q3)"
55;8100153108;"Revista Brasileira de Historia";journal;"01020188, 18069347";0,191;Q1;7;0;6;0;1;6;0,00;0,00;Brazil;Latin America;"Associacao Nacional de Historia";"1999, 2001, 2007-2020";"Cultural Studies (Q1); History (Q1); Geography, Planning and Development (Q2); Sociology and Political Science (Q3)"
56;18259;"Revista Medica de Chile";journal;"07176163, 00349887";0,190;Q3;38;206;617;4653;261;559;0,37;22,59;Chile;Latin America;"Sociedad Medica de Santiago";"1945-2020";"Medicine (miscellaneous) (Q3)"
57;4400151728;"Revista Mexicana de Ciencias Geologicas";journal;"10268774";0,190;Q3;35;35;60;1079;16;60;0,15;30,83;Mexico;Latin America;"Universidad Nacional Autonoma de Mexico";"1996-2020";"Geology (Q3)"
58;21100264507;"Revista Peruana de Biologia";journal;"17279933, 15610837";0,190;Q3;20;32;55;548;12;53;0,23;17,13;Peru;Latin America;"Asociacion de Biologos de la Universidad Nacional Mayor de San Marcos";"1974, 1980, 1990, 1992, 1998-2020";"Agricultural and Biological Sciences (miscellaneous) (Q3)"
59;21028;"Cirugia Plastica Ibero-Latinoamericana";journal;"03767892";0,189;Q3;10;42;67;444;8;58;0,15;10,57;Spain;Western Europe;"Sociedad Espanola de Cirugia Plastica Reparadora y Estetica (SECPRE)";"1975-2002, 2004-2020";"Surgery (Q3)"
60;14786;"Nutricion Hospitalaria";journal;"16995198, 02121611";0,189;Q3;53;62;152;956;95;137;0,57;15,42;Spain;Western Europe;"ARAN Ediciones S.A.";"1989-2020";"Medicine (miscellaneous) (Q3); Nutrition and Dietetics (Q3)"
61;22219;"Revista Cubana de Cirugia (discontinued)";journal;"15612945, 00347493";0,189;Q3;5;33;100;697;10;100;0,09;21,12;Cuba;Latin America;"Editorial Ciencias Medicas";"1972-1977, 1996-2002, 2004-2017";"Surgery (Q3)"
62;33067;"Arquivos Brasileiros de Cardiologia";journal;"0066782X";0,188;Q3;53;199;575;4975;195;559;0,28;25,00;Brazil;Latin America;"Arquivos Brasileiros de Cardiologia";"1950-2020";"Cardiology and Cardiovascular Medicine (Q3)"
63;37267;"Cuban Journal of Agricultural Science";journal;"08640408";0,188;Q4;12;50;188;945;22;188;0,11;18,90;Cuba;Latin America;"Instituto de Ciencia Animal";"1981, 1996-2016";"Animal Science and Zoology (Q4)"
64;26700;"Revista Argentina de Endocrinologia y Metabolismo (discontinued)";journal;"18513034, 03264610";0,188;Q3;11;24;121;721;26;118;0,48;30,04;Argentina;Latin America;"Sociedad Argentina de Endocrinologia y Metabolismo";"1957-1960, 1964, 1999-2017";"Endocrinology, Diabetes and Metabolism (Q3); Endocrinology (Q4)"
65;14594;"Social Work/Maatskaplike Werk";journal;"00378054";0,188;Q3;15;44;94;1318;26;91;0,32;29,95;South Africa;Africa;"University of Stellenbosch";"1972-1978, 1994-2020";"Social Work (Q3); Sociology and Political Science (Q3)"
66;18659;"Anais da Academia Brasileira de Ciencias";journal;"00013765, 16782690";0,185;Q2;58;85;135;2570;92;135;0,58;30,24;Brazil;Latin America;"Academia Brasileira de Ciencias";"1945-1946, 1949, 1970-1992, 1994-2020";"Multidisciplinary (Q2)"
67;26787;"Boletin de Investigaciones Marinas y Costeras";journal;"01229761";0,184;Q3;14;20;39;568;8;39;0,24;28,40;Colombia;Latin America;"Instituto de Investigaciones Marinas y Costeras "Jose Benito Vives De Andreis"";"1996-1998, 2001-2019";"Oceanography (Q3); Water Science and Technology (Q3); Animal Science and Zoology (Q4); Aquatic Science (Q4)"
68;14578;"Ecologia Austral";journal;"03275477, 1667782X";0,183;Q3;30;18;56;620;18;56;0,25;34,44;Argentina;Latin America;"Asociacion Argentina de Ecologia";"1991, 1993-2020";"Ecology (Q3); Ecology, Evolution, Behavior and Systematics (Q4)"
69;24740;"Latin American Applied Research";journal;"03270793";0,183;Q2;23;40;211;665;58;208;0,30;16,63;Argentina;Latin America;"PLAPIQUI Planta Piloto de Ingenieria Quimica, CONICET / Universidad Nacional del Sur";"1996-2020";"Chemical Engineering (miscellaneous) (Q2); Chemistry (miscellaneous) (Q3); Mechanical Engineering (Q3)"
70;20365;"Revista Argentina de Microbiologia";journal;"03257541";0,182;Q3;26;39;115;932;54;115;0,39;23,90;Spain;Western Europe;"Elsevier Doyma";"1979-2020";"Medicine (miscellaneous) (Q3); Microbiology (medical) (Q3); Microbiology (Q4)"
71;14730;"Revista Latinoamericana de Psicologia";journal;"01200534";0,182;Q3;27;31;60;1265;12;60;0,18;40,81;Colombia;Latin America;"Konrad Lorenz Editores";"1980, 1984, 1992, 1996-2020";"Psychology (miscellaneous) (Q3); Social Sciences (miscellaneous) (Q3)"
72;22476;"Informacion Tecnologica";journal;"07180764, 07168756";0,181;Q2;14;94;419;1160;24;413;0,07;12,34;Chile;Latin America;"Centro de Informacion Tecnologica";"1996-2020";"Energy (miscellaneous) (Q2); Geotechnical Engineering and Engineering Geology (Q2); Industrial and Manufacturing Engineering (Q2); Strategy and Management (Q3); Computer Science Applications (Q4); Food Science (Q4)"
73;18367;"Medicina";journal;"16699106, 00257680";0,181;Q3;32;124;363;2212;108;264;0,26;17,84;Argentina;Latin America;"Instituto de Investigaciones Medicas";"1945-2020";"Medicine (miscellaneous) (Q3)"
74;18825;"Sao Paulo Medical Journal";journal;"15163180, 18069460";0,181;Q3;40;60;159;1292;73;132;0,31;21,53;Brazil;Latin America;"Associacao Paulista de Medicina";"1994-2020";"Medicine (miscellaneous) (Q3)"
75;29996;"Archivos Latinoamericanos de Nutricion";journal;"00040622";0,179;Q3;34;78;182;2206;79;179;0,22;28,28;Venezuela;Latin America;"Archivos Latinoamericanos Nutricion";"1971-2019";"Medicine (miscellaneous) (Q3); Nutrition and Dietetics (Q3)"
76;13900154710;"Latin American Journal of Solids and Structures";journal;"16797825, 16797817";0,172;Q2;32;14;8;338;1;7;0,13;24,14;Brazil;Latin America;"Brazilian Association of Computational Mechanics";"2003-2020";"Ocean Engineering (Q2); Aerospace Engineering (Q3); Automotive Engineering (Q3); Civil and Structural Engineering (Q3); Materials Science (miscellaneous) (Q3); Mechanical Engineering (Q3); Mechanics of Materials (Q3)"
77;22599;"Revista Espanola de Salud Publica";journal;"21739110, 11355727, 16969820";0,170;Q3;35;56;181;1615;87;148;0,45;28,84;Spain;Western Europe;"Ministerio de Sanidad y Consumo";"1995-2020";"Medicine (miscellaneous) (Q3); Public Health, Environmental and Occupational Health (Q3)"
78;25279;"Revista Internacional de Contaminacion Ambiental";journal;"01884999";0,168;Q3;19;21;62;526;9;60;0,12;25,05;Mexico;Latin America;"Centro de Ciencias de la Atmosfera, UNAM";"1996-2020";"Pollution (Q3); Waste Management and Disposal (Q3)"
79;130143;"Brazilian Journal of Microbiology";journal;"15178382";0,167;Q4;64;64;258;1823;54;258;0,15;28,48;Brazil;Latin America;"Elsevier Editora Ltda";"2000-2020";"Microbiology (Q4)"
80;15601;"Gayana - Botanica";journal;"00165301, 07176643";0,166;Q4;16;14;34;222;6;33;0,18;15,86;Chile;Latin America;"Universidad de Concepcion";"1981-1982, 1984, 2002-2019";"Ecology (Q4); Horticulture (Q4); Plant Science (Q4)"
81;4000148010;"Clinics";journal;"19805322, 18075932";0,164;Q3;61;64;131;657;68;124;0,51;10,27;Brazil;Latin America;"University of Sao Paolo";"1945-1946, 2005-2020";"Medicine (miscellaneous) (Q3)"
82;20017;"Nefrologia";journal;"19892284, 02116995, 20132514";0,164;Q3;35;200;508;5071;155;378;0,30;25,36;Spain;Western Europe;"Grupo Aula Medica S.A.";"1981-2020";"Nephrology (Q3)"
83;20856;"West Indian Medical Journal";journal;"00433144";0,164;Q3;31;101;342;1752;78;289;0,18;17,35;Jamaica;Latin America;"University of the West Indies";"1954-2019";"Medicine (miscellaneous) (Q3)"
84;38551;"Annals of Hepatology";journal;"16652681";0,161;Q3;53;30;59;594;27;59;0,46;19,80;Mexico;Latin America;"Mexican Association of Hepatology";"2002-2020";"Medicine (miscellaneous) (Q3); Hepatology (Q4)"
85;3500148007;"Revista Chilena de Infectologia";journal;"07161018";0,161;Q4;19;8;69;93;8;69;0,14;11,63;Chile;Latin America;"Sociedad Chilena de Infectologia";"2000-2020";"Infectious Diseases (Q4); Public Health, Environmental and Occupational Health (Q4)"
86;5600153364;"Sociologia, Problemas e Praticas";journal;"08736529";0,161;Q3;15;21;72;735;11;70;0,18;35,00;Portugal;Western Europe;"Instituto Superior de Ciencias do Trabalho e da Empresa";"1996-2020";"Social Sciences (miscellaneous) (Q3); Sociology and Political Science (Q3)"
87;17944;"Darwiniana";journal;"00116793";0,160;Q4;21;17;53;569;11;53;0,23;33,47;Argentina;Latin America;"Instituto de Botanica Darwinion";"1985-1986, 1989-1990, 1992-1993, 1995-2020";"Plant Science (Q4)"
88;19264;"Revista Chilena de Neuro-Psiquiatria";journal;"07179227, 00347388";0,160;Q3;15;28;139;774;12;121;0,13;27,64;Chile;Latin America;"Sociedad de Neurologia Psiquiatria y Neurocirugia";"1948, 1974, 1979, 1981-1988, 1997-1998, 2000-2020";"Psychiatry and Mental Health (Q3); Surgery (Q3); Neurology (clinical) (Q4)"
89;145331;"Brazilian Archives of Biology and Technology";journal;"15168913";0,159;Q2;49;121;202;3132;37;202;0,18;25,88;Brazil;Latin America;"Instituto de Tecnologia do Parana";"1998-2020";"Multidisciplinary (Q2)"
90;52142;"Pesquisa odontologica brasileira = Brazilian oral research";journal;"15177491";0,158;Q3;45;61;180;0;48;179;0,28;0,00;Brazil;Latin America;"University of Sao Paolo";"2001-2020";"Dentistry (miscellaneous) (Q3); Medicine (miscellaneous) (Q3)"
91;19930;"International braz j urol : official journal of the Brazilian Society of Urology";journal;"16776119, 16775538";0,154;Q3;39;132;329;992;30;224;0,11;7,52;Brazil;Latin America;"Brazilian Society of Urology";"2002-2020";"Medicine (miscellaneous) (Q3); Urology (Q3)"
92;27018;"Journal of Energy in Southern Africa";trade journal;"1021447X";0,154;Q2;20;16;82;163;5;64;0,05;10,19;South Africa;Africa;"Energy Research Institute, University of Cape Town";"1993-2007, 2009-2020";"Energy (miscellaneous) (Q2); Computer Science (miscellaneous) (Q3)"
93;15234;"Investigacion Clinica";journal;"05355133";0,149;Q3;21;32;84;1027;25;82;0,30;32,09;Venezuela;Latin America;"";"1961, 1972-1986, 1988-2020";"Medicine (miscellaneous) (Q3)"
94;12732;"Ginecologia y Obstetricia de Mexico";journal;"03009041";0,145;Q3;16;93;269;1345;46;246;0,19;14,46;Mexico;Latin America;"Asociacion Mexicana de Ginecologia y Obstetricia";"1946-2020";"Medicine (miscellaneous) (Q3); Obstetrics and Gynecology (Q3)"
95;15096;"Jornal de Pediatria";journal;"16784782, 00217557";0,144;Q3;52;139;257;4043;72;210;0,31;29,09;Brazil;Latin America;"Elsevier Editora Ltda";"1945-1965, 1973-2020";"Pediatrics, Perinatology and Child Health (Q3)"
96;22301;"South African Journal of Surgery";journal;"00382361";0,144;Q3;22;24;86;386;11;61;0,14;16,08;South Africa;Africa;"South African Medical Association";"1965-2020";"Surgery (Q3)"
97;28247;"Arquivos de Gastroenterologia";journal;"16784219, 00042803";0,143;Q3;30;53;145;1635;38;133;0,24;30,85;Brazil;Latin America;"IBEPEGE - Inst. Bras. Estudos Pesquisas Gastroent.";"1973-2020";"Gastroenterology (Q3)"
98;38490;"Bragantia";journal;"00068705";0,143;Q3;32;45;117;970;12;115;0,06;21,56;Brazil;Latin America;"Instituto Agronomico";"1977, 1979, 1985, 1992-2020";"Agricultural and Biological Sciences (miscellaneous) (Q3); Materials Science (miscellaneous) (Q3)"
99;20500195068;"Journal of Microwaves, Optoelectronics and Electromagnetic Applications";journal;"21791074";0,143;Q3;17;36;48;421;11;48;0,28;11,69;Brazil;Latin America;"Brazilian Microwave and Optoelectronics Society";"2011-2020";"Electrical and Electronic Engineering (Q3)"
100;13302;"Arquivos Brasileiros de Oftalmologia";journal;"16782925, 00042749";0,142;Q3;29;186;195;3248;52;180;0,32;17,46;Brazil;Latin America;"Conselho Brasileiro De Oftalmologia";"1945, 1949, 1960-1977, 1979-1994, 2000-2020";"Medicine (miscellaneous) (Q3); Ophthalmology (Q4)"
101;77291;"Biomedica";journal;"01204157";0,142;Q3;28;78;110;988;22;103;0,20;12,67;Colombia;Latin America;"Instituto Nacional de Salud";"2001-2020";"Biochemistry, Genetics and Molecular Biology (miscellaneous) (Q3); Medicine (miscellaneous) (Q3)"
102;25679;"Historia Mexicana";journal;"01850172";0,142;Q2;9;20;41;624;4;41;0,10;31,20;Mexico;Latin America;"Colegio de Mexico, A.C., Departamento de Publicaciones";"1965, 1976-1977, 1980-1981, 1986-1987, 1999, 2001-2020";"History (Q2)"
103;73135;"Ciencia del Suelo";journal;"03263169";0,141;Q4;18;19;47;430;4;47;0,11;22,63;Argentina;Latin America;"Asociacion Argentina de la Ciencia del Suelo";"1994-2020";"Soil Science (Q4)"
104;19262;"Revista Brasileira de Psiquiatria";journal;"1809452X, 15164446";0,141;Q4;53;101;136;2372;28;105;0,21;23,49;Brazil;Latin America;"Associacao Brasileira de Psiquiatria";"1999-2020";"Psychiatry and Mental Health (Q4)"
105;93433;"Southern African Journal of HIV Medicine";journal;"16089693";0,141;Q4;18;44;121;327;11;77;0,11;7,43;South Africa;Africa;"AOSIS (Pty) Ltd";"2001-2020";"Infectious Diseases (Q4)"
106;28168;"Finisterra";journal;"04305027";0,140;Q3;10;0;25;0;2;25;0,00;0,00;Portugal;Western Europe;"Universidade de Lisboa";"1978-1990, 1992-2002, 2007, 2012-2019";"Earth and Planetary Sciences (miscellaneous) (Q3); Geography, Planning and Development (Q3)"
107;17500154725;"Acta Theologica";journal;"10158758";0,139;Q1;8;42;51;1161;8;51;0,16;27,64;South Africa;Africa;"University of the Free State";"2002-2020";"Religious Studies (Q1)"
108;19700182901;"Brazilian Journal of Pharmaceutical Sciences";journal;"19848250, 21759790";0,139;Q3;40;61;177;1834;18;167;0,11;30,07;Brazil;Latin America;"Faculdade de Ciencias Farmaceuticas (Biblioteca-";"2009-2020";"Pharmacology, Toxicology and Pharmaceutics (miscellaneous) (Q3)"
109;21100312401;"Revista Cubana de Informacion en Ciencias de la Salud";journal;"23072113";0,139;Q4;11;65;140;914;13;131;0,11;14,06;Cuba;Latin America;"Centro Nacional De Informacion De Ciencias Medicas";"2013-2020";"Health Information Management (Q4); Health Policy (Q4); Library and Information Sciences (Q4)"
110;21811;"Farmacia Hospitalaria";journal;"21718695, 11306343";0,136;Q3;23;81;169;1714;44;133;0,28;21,16;Spain;Western Europe;"Grupo Aula Medica S.A.";"1990-2020";"Medicine (miscellaneous) (Q3); Pharmacology (Q4)"
111;4700152458;"Iheringia - Serie Zoologia";journal;"00734721";0,134;Q4;27;0;88;0;18;88;0,16;0,00;Brazil;Latin America;"Fundacao Zoobotanica do Rio Grande do Sul";"2001-2002, 2006-2020";"Animal Science and Zoology (Q4)"
112;19600165500;"Politica y Gobierno";journal;"14051060, 16652037";0,133;Q3;13;0;14;0;2;14;0,22;0,00;Mexico;Latin America;"Centro de Investigacion y Docencia Economicas A.C.";"2000-2003, 2005-2020";"Political Science and International Relations (Q3)"
113;21949;"Revista Brasileira de Anestesiologia";journal;"00347094, 1806907X";0,131;Q3;29;100;219;2749;54;204;0,25;27,49;Brazil;Latin America;"Elsevier Editora Ltda";"1960-1982, 1994-2020";"Anesthesiology and Pain Medicine (Q3)"
114;20156;"Revista Alergia Mexico";journal;"00025151";0,130;Q4;15;41;124;655;25;110;0,24;15,98;Mexico;Latin America;"Nieto Editores";"1961, 1964-2020";"Immunology and Allergy (Q4)"
115;28002;"Revista de Nutricao";journal;"14155273";0,130;Q3;36;48;115;1412;20;111;0,11;29,42;Brazil;Latin America;"";"2000-2020";"Medicine (miscellaneous) (Q3); Nutrition and Dietetics (Q4)"
116;24247;"Anais Brasileiros de Dermatologia";journal;"03650596, 18064841";0,129;Q3;44;78;227;1637;19;187;0,10;20,99;Brazil;Latin America;"Elsevier BV";"1963-1977, 1979-1980, 1990-2020";"Dermatology (Q3)"
117;34097;"Archivos de Cardiologia de Mexico";journal;"14059940";0,129;Q4;17;62;266;1143;34;252;0,15;18,44;Mexico;Latin America;"Instituto Nacional de Cardiologia Ignazio Chavez";"2001-2020";"Cardiology and Cardiovascular Medicine (Q4)"
118;5100152903;"Revista Cubana de Plantas Medicinales";journal;"10284796";0,128;Q4;12;0;40;0;3;40;0,00;0,00;Cuba;Latin America;"Editorial Ciencias Medicas";"1996-1997, 1999-2002, 2005-2019";"Drug Discovery (Q4); Pharmacology (Q4); Plant Science (Q4)"
119;4700153602;"Sociologias";journal;"15174522";0,127;Q3;16;49;78;609;4;78;0,06;12,43;Brazil;Latin America;"Instituto de Filosofia e Ciencias Humanas-UFRGS";"2000-2020";"Social Sciences (miscellaneous) (Q3)"
120;16957;"Analise Social";journal;"00032573";0,125;Q3;15;21;104;965;5;100;0,06;45,95;Portugal;Western Europe;"Instituto de Ciencias Sociais da Universidade de Lisboa";"1977-1978, 1981-1984, 1990, 1993-1994, 1996-2020";"Political Science and International Relations (Q3); Sociology and Political Science (Q3)"
121;19565;"Anales del Sistema Sanitario de Navarra";journal;"11376627";0,124;Q3;23;74;213;1862;28;195;0,14;25,16;Spain;Western Europe;"Gobierno de Navarra";"1999-2020";"Medicine (miscellaneous) (Q3)"
122;5000158301;"Revista Cubana de Medicina Militar";journal;"15613046, 01386557";0,124;Q3;8;0;100;0;4;100;0,02;0,00;Cuba;Latin America;"Editorial Ciencias Medicas";"1996-2002, 2006-2020";"Medicine (miscellaneous) (Q3)"
123;25356;"Revista de gastroenterologia del Peru : organo oficial de la Sociedad de Gastroenterologia del Peru";journal;"1609722X, 10225129";0,124;Q3;15;37;112;287;32;101;0,29;7,76;Peru;Latin America;"Sociedad de Gastroenterologia del Peru";"1989-1996, 2001-2020";"Medicine (miscellaneous) (Q3)"
124;24940;"Revista Argentina de Dermatologia";journal;"03252787";0,123;Q4;5;26;61;392;2;54;0,02;15,08;Argentina;Latin America;"Asociation Argentina de Dermatologia";"1979-2018";"Dermatology (Q4)"
125;15786;"Revista Chilena de Pediatria";journal;"07176228, 03704106";0,123;Q4;16;74;113;1266;11;99;0,11;17,11;Chile;Latin America;"Sociedad Chilena de Pediatria";"1945-1967, 1970-2020";"Pediatrics, Perinatology and Child Health (Q4)"
126;15100;"Revista Brasileira de Oftalmologia";journal;"19828551, 00347280";0,122;Q4;11;77;105;1300;15;97;0,10;16,88;Brazil;Latin America;"Sociedade Brasileira de Oftalmologia";"1947-1971, 1973-2020";"Ophthalmology (Q4); Surgery (Q4)"
127;18225;"Revista Cubana de Medicina (discontinued)";journal;"00347523, 1561302X";0,122;Q3;8;42;122;1041;8;122;0,05;24,79;Cuba;Latin America;"Editorial Ciencias Medicas";"1959, 1962-1963, 1973-1992, 1996-2017";"Medicine (miscellaneous) (Q3)"
128;27739;"Atenea";journal;"07161840, 07180462";0,121;Q3;6;0;1;0;0;1;0,00;0,00;Chile;Latin America;"Universidad de Concepcion";"1979, 1984, 2000-2001, 2007-2020";"Arts and Humanities (miscellaneous) (Q3); Social Sciences (miscellaneous) (Q3)"
129;100069;"Historia";journal;"01019074, 19804369";0,121;Q2;6;0;0;0;0;0;0,00;0,00;Brazil;Latin America;"Universidade Estadual Paulista";"2007-2020";"Cultural Studies (Q2); History (Q2)"
130;25369;"Revista Critica de Ciencias Sociais";journal;"02541106";0,121;Q3;5;0;1;0;0;1;0,00;0,00;Portugal;Western Europe;"Centro de estudos sociais";"1981, 2001, 2015-2020";"Social Sciences (miscellaneous) (Q3); Psychology (miscellaneous) (Q4)"
131;15900154750;"South African Journal of Economic and Management Sciences";journal;"22223436, 10158812";0,121;Q3;17;45;118;1089;9;109;0,07;24,20;South Africa;Africa;"AOSIS (Pty) Ltd";"1999, 2001, 2006-2020";"Business, Management and Accounting (miscellaneous) (Q3); Economics, Econometrics and Finance (miscellaneous) (Q3)"
132;19700182133;"South African Journal of Education";journal;"20763433, 02560100";0,121;Q4;27;0;1;0;0;1;0,00;0,00;South Africa;Africa;"Foundation for Education Science and Technology";"2003, 2008-2020";"Education (Q4)"
133;21100205962;"Tempo (Brazil)";journal;"14137704";0,121;Q2;6;0;2;0;0;2;0,00;0,00;Brazil;Latin America;"Universidade Federal Fluminense";"1999, 2001, 2007-2020";"History (Q2)"
134;16755;"Acta Bioquimica Clinica Latinoamericana (discontinued)";journal;"03252957";0,120;Q4;11;45;141;845;7;131;0,06;18,78;Argentina;Latin America;"Federacion de Bioquimica";"1975-1980, 1996-2017";"Clinical Biochemistry (Q4)"
135;29389;"Revista Latino-Americana de Enfermagem";journal;"01041169";0,120;Q4;36;126;302;55;21;286;0,09;0,44;Brazil;Latin America;"University of Sao Paulo, Ribeirao Preto College of Nursing Organisation";"1993-2020";"Nursing (miscellaneous) (Q4)"
136;17394;"Journal of the South African Institution of Civil Engineering";journal;"10212019";0,116;Q4;16;12;15;165;4;12;0,27;13,75;South Africa;Africa;"South African Institute of Civil Engineers";"1993-1995, 2003-2020";"Civil and Structural Engineering (Q4)"
137;21962;"Revista de la Sociedad Espanola del Dolor";journal;"22546189, 11348046";0,114;Q3;15;64;214;1639;19;183;0,08;25,61;Spain;Western Europe;"Ediciones Doyma, S.L.";"1999-2020";"Anesthesiology and Pain Medicine (Q3)"
138;15543;"Biotecnologia Aplicada";journal;"10272852, 08644551";0,113;Q4;15;51;102;1369;7;101;0,08;26,84;Cuba;Latin America;"Elfos Scientiae";"1990-1992, 1998-2019";"Applied Microbiology and Biotechnology (Q4); Biotechnology (Q4)"
139;27644;"Curationis";journal;"03798577";0,113;Q3;21;35;101;59;10;99;0,09;1,69;South Africa;Africa;"Democratic Nursing Organisation of South Africa";"1978-2020";"Medicine (miscellaneous) (Q3)"
140;19917;"Revista Brasileira de Medicina do Esporte";journal;"15178692";0,113;Q4;28;50;31;1538;8;31;0,26;30,76;Brazil;Latin America;"Redprint Editora Ltda";"2003-2020";"Orthopedics and Sports Medicine (Q4); Physical Therapy, Sports Therapy and Rehabilitation (Q4); Sports Science (Q4)"
141;21719;"BAG - Journal of Basic and Applied Genetics (discontinued)";journal;"16660390";0,112;Q4;8;4;11;74;1;11;0,09;18,50;Argentina;Latin America;"Sociedad Argentina de Genetica";"2003-2004, 2006-2017";"Applied Microbiology and Biotechnology (Q4); Biotechnology (Q4); Genetics (Q4); Genetics (clinical) (Q4)"
142;16240;"Jornal Brasileiro de Psiquiatria";journal;"19820208, 00472085";0,112;Q4;22;37;126;1192;8;116;0,09;32,22;Brazil;Latin America;"Editora Cientifica Nacional Ltda";"1964-1977, 1982-2020";"Psychiatry and Mental Health (Q4)"
143;26682;"Medicina Interna de Mexico";journal;"01864866";0,112;Q3;7;62;185;1132;13;154;0,09;18,26;Mexico;Latin America;"Comunicaciones Cientificas Mexicanas S.A. de C.V.";"1997-1999, 2001-2020";"Internal Medicine (Q3)"
144;27990;"Revista da Associacao Medica Brasileira";journal;"01044230";0,112;Q3;37;107;243;48;32;211;0,14;0,45;Brazil;Latin America;"Associacao Medica Brasileira";"1976, 1992-2020";"Medicine (miscellaneous) (Q3)"
145;4700152616;"Chungara";journal;"07161182";0,111;Q3;24;102;51;2492;9;51;0,17;24,43;Chile;Latin America;"Universidad de Tarapaca";"2000-2002, 2004, 2006-2020";"Archeology (Q3); Anthropology (Q4)"
146;99288;"Colombia Medica";journal;"16579534, 01208322";0,111;Q3;18;7;62;254;2;62;0,00;36,29;Colombia;Latin America;"Facultad de Salud de la Universidad del Valle";"1946, 1990, 1996-2002, 2004-2020";"Medicine (miscellaneous) (Q3)"
147;10300153364;"Cuadernos de historia (Santiago, Chile)";journal;"07161832";0,111;Q3;2;0;2;0;0;2;0,00;0,00;Chile;Latin America;"Universidad de Chile";"1999, 2001-2002, 2017-2019";"History (Q3)"
148;5600155586;"Fronteras (Bogota&amp;#x0301;, Colombia)";journal;"01234676";0,111;Q4;0;0;0;0;0;0;0,00;0,00;Colombia;Latin America;"Instituto Colombiano de Antropologia e Historia";"1999, 2001-2002";"Medicine (miscellaneous) (Q4); Social Sciences (miscellaneous) (Q4)"
149;16100154756;"Lexikos";journal;"16844904";0,111;Q3;15;25;45;427;8;39;0,18;17,08;South Africa;Africa;"";"2002-2019";"Language and Linguistics (Q3); Linguistics and Language (Q3)"
150;17700154930;"Missionalia";journal;"02569507";0,111;Q2;9;24;49;951;3;42;0,06;39,63;South Africa;Africa;"Southern African Missiological Society";"2002-2005, 2007-2018";"Religious Studies (Q2)"
151;19700190355;"Revista Brasileira de Cineantropometria e Desempenho Humano";journal;"14158426, 19800037";0,111;Q4;20;18;37;516;2;37;0,04;28,67;Brazil;Latin America;"Universidade Federal de Santa Catarina";"1999-2020";"Physiology (Q4); Physiology (medical) (Q4)"
152;4100151710;"Revista Chilena de Enfermedades Respiratorias (discontinued)";journal;"07175698";0,111;Q4;9;23;37;328;2;37;0,05;14,26;Chile;Latin America;"Sociedad Chilena de Enfermedades Respiratorias";"2002-2016";"Pulmonary and Respiratory Medicine (Q4)"
153;15788;"Revista Cubana de Pediatria";journal;"00347531, 15613119";0,111;Q4;10;0;79;0;7;79;0,05;0,00;Cuba;Latin America;"Editorial Ciencias Medicas";"1946-1963, 1972-1977, 1988-1991, 1996-2002, 2005-2020";"Pediatrics, Perinatology and Child Health (Q4)"
154;24307;"Revista de historia";journal;"00348309, 23169141";0,111;Q3;3;0;2;0;0;2;0,00;0,00;Brazil;Latin America;"Universidade de Sao Paulo, Faculdade de Filosofia";"1968-1971, 1973, 1975-1978, 1999-2001, 2017-2019";"Medicine (miscellaneous) (Q3)"
155;19274;"Revista de Psiquiatria Clinica";journal;"1806938X, 01016083";0,111;Q4;25;49;133;1345;13;107;0,10;27,45;Brazil;Latin America;"Lemos Editorial e Graficos Ltda";"2000-2020";"Psychiatry and Mental Health (Q4)"
156;15058;"Revista Tecnica de la Facultad de Ingenieria Universidad del Zulia";journal;"02540770";0,111;Q3;8;25;78;290;3;67;0,04;11,60;Venezuela;Latin America;"Revista Tecnica de la Facultad de Ingeniera";"1996-2013, 2018";"Engineering (miscellaneous) (Q3)"
157;76017;"Nascer e Crescer";journal;"08720754";0,110;Q4;3;70;161;692;1;143;0,00;9,89;Brazil;Latin America;"Hospital de Criancas Maria Pia";"1996-2008";"Pediatrics, Perinatology and Child Health (Q4)"
158;15037;"Revista de la Facultad de Ingenieria";journal;"07984065";0,110;Q3;7;34;93;681;4;92;0,02;20,03;Venezuela;Latin America;"Universidad Central de Venezuela";"1994-2015, 2017";"Engineering (miscellaneous) (Q3); Earth and Planetary Sciences (miscellaneous) (Q4)"
159;5000156908;"Revista Brasileira de Ciencia Avicola";journal;"1516635X";0,108;Q4;25;0;18;0;1;18;0,06;0,00;Brazil;Latin America;"Fundacao APINCO de Ciencia e Tecnologia Avicolas";"2002, 2006-2020";"Animal Science and Zoology (Q4)"
160;14049;"Iatreia";journal;"01210793";0,107;Q4;10;28;37;783;1;33;0,03;27,96;Colombia;Latin America;"Universidad de Antioquia";"1988-2020";"Medicine (miscellaneous) (Q4)"
161;19753;"Revista Brasileira de Reumatologia";journal;"04825004, 18094570";0,107;Q4;0;0;0;0;0;0;0,00;0,00;Brazil;Latin America;"Elsevier Editora Ltda";"1997-2000, 2003-2017";"Rheumatology (Q4)"
162;19978;"Ars Pharmaceutica (discontinued)";journal;"00042927";0,105;Q4;20;24;32;710;8;32;0,29;29,58;Spain;Western Europe;"Universidad de Granada";"1980-1981, 1983-1984, 1986-2001, 2003-2017";"History and Philosophy of Science (Q4); Pharmaceutical Science (Q4)"
163;14784;"Historia, Ciencias, Saude - Manguinhos";journal;"16784758, 01045970";0,104;Q4;18;31;110;0;5;110;0,03;0,00;Brazil;Latin America;"Fundacao Oswaldo Cruz";"1994-2020";"History and Philosophy of Science (Q4); Medicine (miscellaneous) (Q4)"
164;13236;"Investigaciones Geograficas";journal;"24487279, 01884611";0,104;Q4;14;32;48;694;1;45;0,00;21,69;Mexico;Latin America;"Instituto de Geografia";"1990-1993, 1995-1996, 2001, 2003-2019";"Earth and Planetary Sciences (miscellaneous) (Q4); Geography, Planning and Development (Q4)"
165;23044;"Revista Cubana de Medicina Tropical";journal;"03750760, 15613054";0,104;Q4;18;27;110;44;4;106;0,03;1,63;Cuba;Latin America;"Editorial Ciencias Medicas";"1976-2020";"Infectious Diseases (Q4); Parasitology (Q4)"
166;5100152922;"Revista de Ciencia Politica";journal;"07161417";0,104;Q4;18;0;5;0;0;5;0,00;0,00;Chile;Latin America;"Pontificia Universidad Catolica de Chile";"2002, 2006-2020";"Political Science and International Relations (Q4)"
167;4700152719;"Ciencia y Enfermeria";journal;"07172079, 07179553";0,103;Q4;14;0;7;0;0;7;0,00;0,00;Chile;Latin America;"Universidad de Concepcion, Facultad de Medicina. Departamento de Enfermeria";"2002, 2006-2020";"Nursing (miscellaneous) (Q4)"
168;4700152249;"Educacao e Pesquisa";journal;"15179702";0,103;Q4;15;0;37;0;2;37;0,00;0,00;Brazil;Latin America;"Faculdade de Educacao da Universidade de Sao Paulo";"1999-2002, 2006-2020";"Education (Q4)"
169;19400157126;"Secuencia (Mexico City, Mexico)";journal;"01860348";0,103;Q3;2;0;8;0;0;8;0,00;0,00;Mexico;Latin America;"Instituto Mora";"1987, 1989, 2001-2002, 2016-2020";"Cultural Studies (Q3); History (Q3); Sociology and Political Science (Q4)"
170;4900153108;"Papeis Avulsos de Zoologia";journal;"00311049, 18070205";0,102;Q4;26;6;18;199;4;18;0,22;33,17;Brazil;Latin America;"University of Sao Paolo";"2002-2020";"Animal Science and Zoology (Q4)"
171;29385;"Revista brasileira de enfermagem";journal;"00347167";0,102;Q4;21;142;284;329;6;272;0,02;2,32;Brazil;Latin America;"Associacao Brasileira de Enfermagem";"1965, 1967-1971, 1973, 1976-1979, 1983-1987, 1995-2020";"Medicine (miscellaneous) (Q4)"
172;5000158304;"Revista Cubana de Obstetricia y Ginecologia";journal;"0138600X";0,102;Q4;9;0;59;0;2;59;0,00;0,00;Cuba;Latin America;"Editorial Ciencias Medicas";"1996-2002, 2006-2019";"Obstetrics and Gynecology (Q4)"
173;22595;"Revista de Salud Publica";journal;"01240064";0,102;Q4;23;22;12;309;0;12;0,00;14,05;Colombia;Latin America;"Universidad Nacional de Colombia";"2003-2020";"Public Health, Environmental and Occupational Health (Q4)"
174;19400157258;"Salud Uninorte";journal;"20117531, 01205552";0,102;Q4;11;0;13;0;0;13;0,00;0,00;Colombia;Latin America;"Universidad del Norte";"2002-2003, 2005-2019";"Medicine (miscellaneous) (Q4)"
175;73721;"South African journal of communication disorders. Die Suid-Afrikaanse tydskrif vir Kommunikasieafwykings, The";journal;"03798046";0,102;Q4;11;3;13;0;0;13;0,00;0,00;South Africa;Africa;"South African Speech And Hearing Association";"1977-2020";"Medicine (miscellaneous) (Q4)"
176;146161;"Acta Cirurgica Brasileira";journal;"01028650";0,101;Q4;30;17;82;189;2;82;0,02;11,12;Brazil;Latin America;"Sociedade Brasileira para o Desenvolvimento de Pesquisa em Cirurgia";"2002-2020";"Surgery (Q4)"
177;52374;"Acta odontologica latinoamericana : AOL";journal;"03264815";0,101;Q4;17;6;19;0;0;19;0,00;0,00;Argentina;Latin America;"Acta Odontologica Latinoamericana";"1984-1986, 1990, 1993-1994, 1996-2016";"Medicine (miscellaneous) (Q4)"
178;52916;"Avances en Odontoestomatologia";journal;"02131285";0,101;Q4;6;29;30;641;0;24;0,00;22,10;Spain;Western Europe;"Ediciones Avances S.L.";"1985-1991, 2003-2020";"Dentistry (miscellaneous) (Q4); Otorhinolaryngology (Q4)"
179;145059;"CT y F - Ciencia, Tecnologia y Futuro";journal;"01225383";0,101;Q4;14;3;31;40;2;28;0,05;13,33;Colombia;Latin America;"Ecopetrol S.A.";"1996-2020";"Energy (miscellaneous) (Q4)"
180;5200153016;"Cuadernos de Medicina Forense";journal;"11357606";0,101;Q4;8;0;25;0;1;25;0,04;0,00;Spain;Western Europe;"Asociacion Andaluza de Medicos Forenses";"2001-2002, 2006-2018";"Pathology and Forensic Medicine (Q4)"
181;5100155019;"Estudios Pedagogicos";journal;"0716050X";0,101;Q4;18;0;23;0;0;23;0,00;0,00;Chile;Latin America;"Universidad Austral de Chile";"1997-2002, 2006-2019";"Education (Q4)"
182;22826;"Gestion y Politica Publica";journal;"14051079";0,101;Q4;9;18;35;617;0;35;0,00;34,28;Mexico;Latin America;"Centro de Investigacion y Docencia Economicas A.C.";"1995-2020";"Political Science and International Relations (Q4)"
183;5600155211;"Historia Critica";journal;"01211617";0,101;Q4;8;15;34;621;0;31;0,00;41,40;Colombia;Latin America;"Universidad de los Andes";"2002-2020";"Cultural Studies (Q4); Geography, Planning and Development (Q4); History (Q4); Social Sciences (miscellaneous) (Q4)"
184;4700152478;"Jornal Brasileiro de Patologia e Medicina Laboratorial";journal;"16762444";0,101;Q4;15;0;41;0;1;41;0,03;0,00;Brazil;Latin America;"Sociedade Brasileira de Pneumologia e Tisiologia";"2001-2002, 2006-2020";"Clinical Biochemistry (Q4); Medical Laboratory Technology (Q4); Pathology and Forensic Medicine (Q4)"
185;4700152859;"Maderas: Ciencia y Tecnologia";journal;"07173644, 0718221X";0,101;Q4;26;0;32;0;1;32;0,06;0,00;Chile;Latin America;"Universidade Federal de Sao Carlos";"2001-2002, 2006-2020";"Chemical Engineering (miscellaneous) (Q4); Forestry (Q4); Industrial and Manufacturing Engineering (Q4); Materials Science (miscellaneous) (Q4)"
186;4700152203;"Revista Brasileira de Saude Materno Infantil";journal;"15193829";0,101;Q4;20;0;32;0;1;32;0,03;0,00;Brazil;Latin America;"Instituto Materno Infantil Professor Fernando Figueira";"2002, 2005-2020";"Obstetrics and Gynecology (Q4); Pediatrics, Perinatology and Child Health (Q4); Public Health, Environmental and Occupational Health (Q4)"
187;5000155404;"Revista Chilena de Radiologia";journal;"0717201X, 07179308";0,101;Q4;6;0;27;0;1;27;0,04;0,00;Chile;Latin America;"Sociedad Chilena de Radiologia";"2002, 2006-2020";"Radiology, Nuclear Medicine and Imaging (Q4)"
188;19700175084;"Revista Colombiana de Estadistica";journal;"01201751";0,101;Q4;16;10;29;83;2;29;0,00;8,30;Colombia;Latin America;"Universidad Nacional de Colombia";"2001-2020";"Statistics and Probability (Q4)"
189;21828;"Revista Cubana de Farmacia";journal;"00347515, 15612988";0,101;Q4;8;34;15;470;0;15;0,00;13,82;Cuba;Latin America;"Editorial Ciencias Medicas";"1980-1991, 1996-2000, 2002, 2004-2020";"Pharmaceutical Science (Q4); Pharmacology (Q4); Pharmacy (Q4)"
190;28619;"Revista de la Asociacion Espanola de Especialistas en Medicina del Trabajo";journal;"11326255";0,101;Q4;4;0;30;0;0;24;0,00;0,00;Spain;Western Europe;"Accion Medica S.A.";"1999-2002, 2005-2020";"Public Health, Environmental and Occupational Health (Q4)"
191;19287;"Revista Ecuatoriana de Neurologia";journal;"10198113";0,101;Q4;5;17;42;435;2;41;0,08;25,59;Ecuador;Latin America;"Fundacion para la difusion neurologica en Ecuador - FUNDINE";"1992-2012, 2014-2020";"Neurology (Q4); Neurology (clinical) (Q4)"
192;64744;"Salus";journal;"13167138";0,101;Q4;5;21;27;361;0;24;0,00;17,19;Venezuela;Latin America;"Revista Salus";"2002-2018";"Medicine (miscellaneous) (Q4)"
193;19866;"South African Journal of Psychiatry";journal;"16089685";0,101;Q4;13;13;41;221;1;23;0,04;17,00;South Africa;Africa;"AOSIS (Pty) Ltd";"2001-2020";"Psychiatry and Mental Health (Q4)"
194;96519;"Southern African Journal of Critical Care";journal;"15628264";0,101;Q4;7;11;23;173;0;15;0,00;15,73;South Africa;Africa;"South African Medical Association";"2001-2020";"Critical Care and Intensive Care Medicine (Q4)"
195;12616;"Dynamis";journal;"02119536";0,100;Q4;12;10;61;0;1;61;0,02;0,00;Spain;Western Europe;"Universidad de Granada";"1981-1985, 1987, 1989-2019";"History and Philosophy of Science (Q4); Medicine (miscellaneous) (Q4)"
196;5100154604;"Ius et Praxis";journal;"07180012, 07172877";0,100;Q4;7;0;86;0;0;86;0,00;0,00;Chile;Latin America;"Universidad de Talca";"2001-2002, 2006-2020";"Law (Q4)"
197;4800156204;"Revista Brasileira de Economia";journal;"00347140";0,100;Q4;12;0;46;0;0;46;0,00;0,00;Brazil;Latin America;"Fundacao Getulio Vargas";"2001-2002, 2006-2020";"Economics, Econometrics and Finance (miscellaneous) (Q4)"
198;5000160208;"Revista Cubana de Educacion Medica Superior";journal;"08642141, 15612902";0,100;Q4;12;0;47;0;1;47;0,00;0,00;Cuba;Latin America;"Editorial Ciencias Medicas";"1996-2002, 2006-2007, 2009-2020";"Education (Q4); Medicine (miscellaneous) (Q4)"
199;23495;"Revista Cubana de Estomatologia";journal;"00347507, 1561297X";0,100;Q4;7;0;49;0;0;49;0,00;0,00;Cuba;Latin America;"Editorial Ciencias Medicas";"1973-1978, 1982-1989, 1996-2002, 2005-2020";"Dentistry (miscellaneous) (Q4)"
200;5000157109;"Revista Cubana de Hematologia, Inmunologia y Hemoterapia";journal;"08640289, 15612996";0,100;Q4;8;0;73;0;0;73;0,00;0,00;Cuba;Latin America;"Editorial Ciencias Medicas";"1999-2003, 2006-2020";"Hematology (Q4); Immunology (Q4); Immunology and Allergy (Q4)"
201;13562;"Revista Cubana de Investigaciones Biomedicas";journal;"15613011, 08640300";0,100;Q4;11;31;111;630;0;111;0,00;20,32;Cuba;Latin America;"Editorial Ciencias Medicas";"1988-1992, 1996-2020";"Medicine (miscellaneous) (Q4)"
202;4900153207;"Revista Cubana de Ortopedia y Traumatologia";journal;"0864215X";0,100;Q4;4;0;52;0;0;52;0,00;0,00;Cuba;Latin America;"Editorial Ciencias Medicas";"1996-2003, 2006-2019";"Orthopedics and Sports Medicine (Q4); Rehabilitation (Q4); Surgery (Q4)"
203;4900153106;"Revista Cubana de Salud Publica";journal;"08643466";0,100;Q4;13;0;38;0;0;38;0,00;0,00;Cuba;Latin America;"Editorial Ciencias Medicas";"1996-2002, 2006-2020";"Public Health, Environmental and Occupational Health (Q4)"
204;30008;"Revista da Escola de Enfermagem da U S P";journal;"00806234";0,100;Q4;28;52;144;0;3;142;0,00;0,00;Brazil;Latin America;"University of Sao Paolo";"1967-2020";"Nursing (miscellaneous) (Q4)"
205;5100155067;"Revista de Estudios Historico-Juridicos";journal;"07176260, 07165455";0,100;Q4;6;19;89;2096;1;89;0,00;110,32;Chile;Latin America;"Ediciones Universitarias de Valparaiso";"1997-2019";"History (Q4); Law (Q4)"
206;29388;"Revista gaucha de enfermagem / EENFUFRGS";journal;"01026933, 19831447";0,100;Q4;15;36;71;117;1;71;0,02;3,25;Brazil;Latin America;"Universidade Federal do Rio Grande do Sul";"1984-1986, 1989-1992, 1994-1997, 1999-2020";"Medicine (miscellaneous) (Q4)"
207;21100823466;"Revista Habanera de Ciencias Medicas";journal;"1729519X";0,100;Q4;6;50;58;718;0;54;0,00;14,36;Cuba;Latin America;"";"2002-2020";"Health Policy (Q4); Public Health, Environmental and Occupational Health (Q4)"
208;19255;"Transactions of the South African Institute of Electrical Engineers";journal;"00382221";0,100;Q4;9;38;48;494;4;42;0,08;13,00;South Africa;Africa;"South African Institute of Electrical Engineers";"1969-1989, 1995, 2003-2008, 2010-2018";"Electrical and Electronic Engineering (Q4)"
209;21100865207;"Advances in Rheumatology";journal;"25233106";;-;27;57;57;1530;3;52;0,05;26,84;United Kingdom;Western Europe;"BioMed Central Ltd.";"2018-2020";"Rheumatology"
210;21100422060;"Archives of endocrinology and metabolism";journal;"23593997, 23594292";;-;50;127;0;3067;0;0;0,00;24,15;Brazil;Latin America;"Segmento Farma Editores";"2015-2020";"Endocrinology, Diabetes and Metabolism"
211;21100902145;"Austral journal of veterinary sciences";journal;"07198000, 07198132";;-;22;23;90;698;9;90;0,10;30,35;Chile;Latin America;"Universidad Austral de Chile";"2017-2020";"Veterinary (miscellaneous)"
212;21100309828;"CoDAS";journal;"23171782";;-;23;37;0;0;0;0;0,00;0,00;Brazil;Latin America;"Brazilian Society of Speech-Language Pathology and Audiology";"2013-2020";"Otorhinolaryngology; Speech and Hearing"
213;19300157105;"HTS Teologiese Studies / Theological Studies";journal;"20728050, 02599422";;-;15;75;0;2718;0;0;0,00;36,24;South Africa;Africa;"AOSIS (Pty) Ltd";"1987, 2004-2006, 2008-2020";"Religious Studies"
214;12045;"Interface: Communication, Health, Education";journal;"18075762, 14143283";;-;21;1;0;28;0;0;0,00;28,00;Brazil;Latin America;"Fundacao UNI Botucatu/UNESP";"1980, 2004, 2007-2020";"Communication; Education; Health (social science)"
215;4500151503;"Jornal Brasileiro de Pneumologia";journal;"18063713, 18063756";;-;39;14;0;443;0;0;0,00;31,64;Brazil;Latin America;"Sociedade Brasileira de Pneumologia e Tisiologia";"2004-2020";"Pulmonary and Respiratory Medicine"
216;21100246535;"Lankesteriana";journal;"14093871, 22152067";;-;13;15;0;157;0;0;0,00;10,47;Costa Rica;Latin America;"Universidad de Costa Rica";"2004-2007, 2013-2020";"Plant Science"
217;19400158901;"Perfiles Educativos";journal;"01852698";;-;10;17;0;203;0;0;0,00;11,94;Mexico;Latin America;"Universidad Nacional Autonoma de Mexico";"2004-2005, 2009-2020";"Education"
218;145505;"Revista Brasileira de Ciencia do Solo";journal;"01000683";;-;51;105;0;3228;0;0;0,00;30,74;Brazil;Latin America;"Revista Brasileira de Ciencia do Solo";"2004-2020";"Agronomy and Crop Science; Soil Science"
219;19300157111;"Revista Brasileira de Gestao de Negocios";journal;"19830807, 18064892";;-;11;20;0;372;0;0;0,00;18,60;Brazil;Latin America;"Fundacao Escola de Comercio Alvares Penteado";"2004-2020";"Business and International Management; Industrial Relations; Strategy and Management"
220;19700174720;"Revista Colombiana de Entomologia";journal;"01200488";;-;19;34;0;796;0;0;0,00;23,41;Colombia;Latin America;"Sociedad Colombiana de Entomologia";"2004-2020";"Insect Science"
221;66304;"Revista de Geografia Norte Grande";journal;"03798682";;-;18;18;0;447;0;0;0,00;24,83;Chile;Latin America;"Revista de Geografia Norte Grande";"1981, 1983, 2004-2020";"Earth-Surface Processes; Geography, Planning and Development"
222;21100200413;"Revista de Investigaciones Veterinarias del Peru";journal;"16099117, 16823419";;-;11;28;111;418;11;110;0,17;14,93;Peru;Latin America;"Facultad de Medicina Veterinaria, Universidad Nacional Mayor de San Marcos";"1999-2020";"Veterinary (miscellaneous)"
223;21100888590;"Revista Interamericana de Bibliotecologia";journal;"25389866, 01200976";;-;8;9;37;264;2;37;0,00;29,33;Colombia;Latin America;"Escuela Interamericana de Bibliotecologia";"2000-2019";"Library and Information Sciences"
224;21100200424;"Rodriguesia";journal;"03706583, 21757860";;-;32;17;22;633;5;22;0,36;37,24;Brazil;Latin America;"Rio de Janeiro Botanical Garden";"1980-1981, 1984-1985, 1989, 1999-2020";"Horticulture; Plant Science"
225;13600154752;"South African Journal of Enology and Viticulture";journal;"0253939X";;-;25;1;0;33;0;0;0,00;33,00;South Africa;Africa;"South African Society for Enology and Viticulture";"2004, 2007-2020";"Food Science; Horticulture"
226;4700152866;"Topoi";journal;"01677411, 15728749";;-;23;2;0;25;0;0;0,00;12,50;Netherlands;Western Europe;"Springer Netherlands";"1982-1996, 2004, 2006-2020";"Philosophy"
